time_key,month
7c2b1f37-c073-4656-b021-0db2c1f22afa,apr
3faca1c3-e269-45c7-90ad-f90dbad4be8c,apr
8091dc19-23d5-4c6a-a53d-cabc9292c48c,apr
ae2e0b63-14ca-410a-8f40-2a009c2d9886,apr
cd344093-5c72-4b1f-9a8a-94a1b76be60b,apr
7a3b0a78-c346-49d7-9aa2-a2c34bf2d804,apr
9925f0e7-2166-40b5-a725-735da552f6b2,apr
7bab8bd7-0f53-4747-a4c1-3e7819062873,apr
f906d6aa-b52b-40c2-8b15-269a268adba1,apr
27d1ee5a-7510-435c-a594-c84b235afdf7,apr
ae236ce2-0d72-4869-ae65-e9214719bef9,apr
a22a3f2a-8a92-4764-918d-074b8ea3bbae,apr
21569766-bde7-4897-9982-429d45022f1c,apr
45a0b2ca-db5c-4b39-8882-96b8a4f1789d,apr
4f6f61cd-8be0-402c-87c6-19d9cdb711bb,apr
45ce28fc-fbf5-49dd-8422-660d39185132,apr
dd4db1f5-d6de-4a9d-9389-37f4673f2057,apr
6969dd95-bca5-4dbb-9536-c9a55e7b466d,apr
0a4b43c4-2785-4d8e-8e02-0381058ecac0,apr
6d965bcd-270c-4255-a016-14e85fb936f8,apr
5673b594-cb78-4d6c-9d8a-7d28f2cca7b8,apr
4057b977-c343-4705-9200-7d7cc6e152a3,apr
5d8f07f2-e3ba-4a76-8bac-e6d78d8409d5,apr
a93378b9-2810-4f71-b971-74a23b2dfcea,apr
312e75ee-e510-4a61-99e0-de22b42c4274,apr
ec52a480-c5f3-4340-9667-fd407e64fd70,apr
fb9153c9-1ea4-4b4f-a324-90431ae7580a,apr
9c8bdceb-d070-4a6c-961f-4061d32146e9,apr
085f7247-45c3-4260-8cd8-e64f6fe939b2,apr
35d362f0-a3e9-4010-8ee1-0c4d0463ac6e,apr
bdd8dfa8-7587-41f5-acbb-635a24d6ea4f,apr
0f6ea22b-f595-4a2d-a649-cb59854da3d4,apr
f84c9da0-6e8d-450a-a786-d645c030210f,apr
40664bbd-9ac4-47a6-bfd6-df1968e9e991,apr
ad0ee712-77f8-4200-8109-41b2ebfb9383,apr
e1857154-e1ef-4ae8-a1fd-1c33d4a60f37,apr
7eb6f681-9329-42cc-aeca-9c1c31720209,apr
3eefd173-ace2-4c2d-bcc6-7b2e5ef35a46,apr
c4eaacea-a4e0-4021-a72c-f1a084efda2d,apr
f69806a9-fa3f-4081-96cf-a5dbd59590a8,apr
b5aa506d-6479-4cd5-bb99-7c5baa2e4622,apr
bd022991-6dbc-49af-ba7f-63e0d38f1a21,apr
327e82cc-83eb-40c0-961f-d73d1b61f675,apr
f8fd510a-1435-4052-af55-5e9e64719d78,apr
8d11d247-9fca-4f14-8fae-c2ebc30b0bff,apr
b788fb4c-c5b1-44d4-9544-1ab87cf1cfc4,apr
036a448a-d593-4248-b876-79639aaa3ba4,apr
f69a7a32-f176-40c8-bf1c-81c06712dbd6,apr
79ac3514-8f9a-4845-b8ca-46d1a7581227,apr
65674f31-05dc-4507-9fcc-ce9bdd446b8e,apr
fad1f672-ad6c-4e69-b82c-ff679ea411f9,apr
7a61759b-5f02-4a09-a776-35a8b048ea61,apr
eb658440-4df1-432f-92b1-c26f35e1da82,apr
b7573c70-bd52-4b0e-876d-f991a6641215,apr
315e26e1-0be0-48bb-b9ef-ff9931ea32ef,apr
b5a63409-3269-4bfc-9b86-dfd18878a52d,apr
c1ba3bf9-6d6a-4053-96a8-dab96ad41fa5,apr
a52bf10b-c26e-4345-a63f-88f70671e7ce,apr
e4c2efdd-9438-432f-b4c1-9b94f132f62d,apr
b5eecf50-cca8-473f-bc85-3caf0607e25b,apr
c254cae6-e35d-4570-80e3-5e87981b7e6b,apr
ee369e97-16f8-4be3-b4b6-5bc77cedbe2a,apr
792c3d7b-9193-40c2-b5c9-d6820857b3f2,apr
945ce070-0ec0-4106-9502-5a8aca370de2,apr
b16de5e7-d1d6-433b-bfe1-17f7377b27f3,apr
a3a8b106-c4b1-4d05-851f-a0e1c225d8f8,apr
cbb00e2b-82d1-4ddd-8d8c-1d9a7462cf61,apr
42be826c-ef15-437d-82a7-8b12d482bbfe,apr
a739babe-44a0-4e69-a97d-88effcf274bd,apr
d92d0eb7-49dd-49c5-bfd9-fb916519b57e,apr
f51bcfc2-d049-48e7-8022-cd7dc82d3c35,apr
a77e1404-f626-4806-8fae-fd2004e1cb4f,apr
2d98611a-bf54-4fe0-99d9-38d2ee3c678e,apr
7230dc7c-b2ad-43f9-be0e-90e23e669a81,apr
936eb99a-74ae-43b2-b420-eaef96831d6d,apr
0fb3bd1b-9e26-4c13-8ffd-5ea207c0cd75,apr
7e67f892-ef28-4316-96ad-f096d2595bce,apr
fe1e2106-ee42-4dce-83f2-fe79789c55bd,apr
8093f7a1-e737-4257-a389-4c2f87e5083e,apr
0d588d4a-c629-468a-ad59-f81d4319439b,apr
a558fff7-49ba-48ed-971b-b40dc78f59d5,apr
40150102-65e0-415b-9623-5480909fe5af,apr
c1dda1b7-6cfa-4978-907b-7c32d747b62a,apr
f7157cd8-6f62-47cd-a511-02230a723de3,apr
78d71b31-8050-44a7-93f6-3cc40e53d3b7,apr
619d63a4-e3fb-4633-b7ff-6e938699d3cf,apr
dcaa1e19-7bce-4239-b3b2-c42c28212a8e,apr
fd39cf16-1773-4127-b496-29b66b268c69,apr
2f201487-4095-448e-84b5-ca83d4db29b2,apr
3221c71e-abce-4d1b-ad8d-84c6f7425639,apr
d27ab889-ca24-4726-893b-2ea1bd305ee1,apr
8f1d2541-0f99-466a-8960-4c8658d1b900,apr
1ef00d1d-24aa-44fb-b008-de706ec79ce2,apr
b0b62cc2-e933-48eb-91a7-f0eb51a8aab4,apr
96351a9b-0768-405c-8144-1f91a82c0ef6,apr
9862d532-c424-463f-acf7-a2b8ff4ac6db,apr
ae8b6a35-8c7c-48e3-9713-cee4116241ed,apr
1ceaa969-637a-46a8-a694-6fa844371a3f,apr
7d3c1840-580f-4617-8ae5-1e82264ef7dd,apr
52f06c94-dbb9-44e5-bcfd-3e195804caac,apr
c5caad8e-5948-4d8f-955a-c2688ac729ea,apr
dac0d875-4486-414e-b08f-f031a09d86e9,apr
e9864b37-23f8-4909-ad07-fecc10a5b532,apr
fd3f7b9a-9f45-42f1-87fd-7e624532e638,apr
036dd6b9-75a2-45cb-89d7-fcf8e8bdd439,apr
ef9bd5bd-6e83-45c4-9fff-c3df17898a82,apr
94daa6b6-6300-45ac-898b-cc7f78b0c7ec,apr
8bba3557-9540-460f-a921-67e66c919dfe,apr
24f4b9bb-3169-4875-b6e3-9ca7389725fc,apr
6cd681da-f6bc-483a-937b-0d1c05dbbef6,apr
21a202f7-0a93-436a-8c5e-0a1dc2f92837,apr
aaf31445-343e-488f-adf0-15b2ad31a468,apr
a03cb6c5-47b7-48bb-aa24-cade47a913e8,apr
764961b3-8d0a-4a65-aeb5-a9452342c791,apr
61865f53-4fc2-4c01-bcf4-2d62bc29afaa,apr
cd94ad25-141f-4443-88ee-6b247cf521ca,apr
b31e59b4-7fa0-4fbd-a5c7-acef46c0c4d8,apr
c2620ba4-7613-4dbf-b490-f7e219f3de20,apr
d89ea1e6-f2d6-4da9-ab19-c7c6358ff482,apr
d961d690-95f5-4b0c-b971-a42ea3175870,apr
8e1f85df-bd2f-4d94-a2eb-ecebc932fe79,apr
36229829-b6d0-4767-8d10-cfd0c80f5f77,apr
8543e344-8795-45eb-b2fb-bb0c74a85589,apr
f69b89bb-7da8-4e03-b7df-649204d7493f,apr
f7bae34a-f0ad-45d1-baf1-3a0615d5e430,apr
34224dde-b6ee-4a56-8133-30404ceb8345,apr
7bc7f650-046c-4275-9522-ec70ca894842,apr
15cb0ac4-4d22-4324-b9ab-4ad4e478a3b1,apr
a393b718-4646-4506-b0aa-9464f46a4b16,apr
da28a390-e2a8-41c6-8d6e-60bad3c190ca,apr
fafd6206-ef44-439e-87e6-7b542c5fb786,apr
c7dd5c81-9e46-4318-a693-a73873f29268,apr
dfbb86cc-74ab-4edb-9cdc-3646bb0791e5,apr
431f7225-9e64-44c1-8026-ff156a27e83f,apr
d6a24378-3703-4f43-b397-e7b4a21635c7,apr
0ea1cc58-e8b8-4109-af44-3b19e77f7dff,apr
b69aed6b-8aab-4d40-93f0-f0899ecf2ff4,apr
dee94778-5538-43c1-8c21-fbd30144a30b,apr
6985a3cf-69fe-45f7-8d2c-834c876ba668,apr
553b2bff-6229-4755-baa9-373e4afadfb0,apr
a2054d01-a56f-47d5-ba68-5cb27f384000,apr
9319c97c-39d5-4933-85d2-f44b61da1211,apr
cf6b140b-9525-4f99-948f-81b007243abc,apr
c4894234-4fce-4afb-8af6-d77195d52fcc,apr
9aa46180-ba60-4b56-a0f7-bd3ad0092b4a,apr
58444443-bd35-412c-ba92-52f2742e863e,apr
3f0c0f29-7cd7-4dd2-a0d8-08efed85e489,apr
be348a2f-1398-43e8-9310-ef7897880aad,apr
fd0520bb-8edd-4554-9e40-576a0f1c2da3,apr
650c2e1e-405d-482a-85d4-b14f3ca19af7,apr
45893e70-3062-4395-83f0-05879d552efd,apr
10ef1a56-a46f-4855-8abb-59a4d97fdd19,apr
d28e4869-a499-4af4-8ebb-6b614967b455,apr
2fd8e543-31a8-48dc-9f87-e68b2845c3dd,apr
1ec2298b-5be3-46ca-b0ce-fa58e9e26772,apr
6261520f-c5d6-4025-8012-3b9bc55af54d,apr
54a4be8f-ae14-40a4-a388-bb58944b8766,apr
39012fd7-c828-46bf-8cc1-1faa4dfde074,apr
137ca5ab-1a5e-4ebb-94f3-f93d3bae99f5,apr
fd362b35-2c80-4175-9c7b-3ef20ba9fba8,apr
4c35e8cf-4f56-40a6-984a-c32d4a084652,apr
10593b16-32ec-465f-8d74-a872e2447348,apr
74920e78-a947-4f26-9f30-7c08b3deaab2,apr
4d12e92e-51bd-4fe2-aaff-3accce1c3f36,apr
68033659-7eda-42e2-b3d0-4c075f563caa,apr
cde269ef-b0bf-4631-bd69-1ced69942df1,apr
c86820fb-190c-46fe-a83f-4150dc4a0d05,apr
b6b5100b-09dc-4e92-be77-43830e112ffd,apr
09839a23-51a3-4335-8bab-cae8151fe45c,apr
d6af6c29-8df4-4de5-b275-41662fb40fa7,apr
fdf6035f-f25d-46f2-806a-49e353121c7e,apr
1357bc9a-3d43-4262-bc15-de10fcb720fb,apr
3f50d7ed-37dc-4fff-8c3f-174e65f77e47,apr
a2426471-76c4-40a1-86c8-e41edc4877a9,apr
6ec2b010-18d5-4a46-9f18-c8d369238516,apr
3ee555b1-c5ed-4baf-8285-4ec530773fa5,apr
1f7734eb-15f3-41dd-b53c-e2279f469c5d,apr
18d98dee-e263-4cf1-afe0-b4d0cd0584e8,apr
5209fc29-cdbf-4dc9-90ee-56cae136cadf,apr
bd1e4055-981c-42b8-b159-c993061021d6,apr
a0dc0fe7-4827-403c-94c8-494aa3e7a7bb,apr
bdaf02ed-6c84-4ff1-9ae4-637455d1dffa,apr
316cd49c-ae22-4736-9709-29b2829151b6,apr
0aa6b30b-859b-44f1-a7fb-e0fa7eae5248,apr
d1c2bddd-f457-4b94-b6f1-3489ee92ec6f,apr
12aa6df9-7d6e-4eb3-a81d-acf89a3a152e,apr
1b364ff0-8e9e-4aa0-abcb-097cbfeb1c95,apr
0594de78-2a63-4aee-b135-b7433bf0eebd,apr
70d8b8bd-0aef-43b8-8ca0-153c0a85d952,apr
e6147288-79b3-4f15-b35c-d86c15c5bac1,apr
fb1f77c6-83af-4f24-8b2d-e6007457281c,apr
2c9637f8-eff9-4a11-8985-fd16450637ea,apr
367954e8-05e4-4f9c-8007-8cab2b25bb37,apr
1950ae67-e2b3-4227-b0ed-2a0fa0cbce51,apr
ab53858f-37a7-4daf-8fab-c75df24e2702,apr
a2c4bbfc-d217-4089-b061-07c6f1c8f7ce,apr
baf85bd0-90c2-4496-81d6-37050247bdcb,apr
8675847b-d7aa-4479-85b9-6cae985cc2bc,apr
a03110d7-3576-47a3-91bd-8b5beda6b188,apr
0ef5fe03-7771-4e1c-89d7-70c6527d0436,apr
5142d08f-46c2-45d5-9bcb-232f37ca8fb0,apr
b7f7e65f-c142-4051-99d8-dcf79591f0f1,apr
bf734177-fb59-4f53-a0d7-1450e9117353,apr
d6a1149e-c1c9-40c1-9f95-7e925e9df4ce,apr
5434f878-9f89-495a-a5db-89624dc27319,apr
2ce00c91-d992-4824-9b69-f1b490674f61,apr
38a0bc48-4e7d-407a-9f84-de90047a67a1,apr
f181701f-5d9c-4fdf-aab0-7c138243214d,apr
78949208-6cd3-4310-8d85-7a42cb3a7aa2,apr
7eda63ad-c83a-4fbe-8da0-3fd0b19f9e76,apr
4d341e85-5437-4c2c-8db2-fc4bb252d7b9,apr
7089dd01-4086-41ec-b1f9-d777658bb5f7,apr
e0a770f9-ac4a-43b2-a36a-0a9d78c2d287,apr
a9f5d081-3cfe-4f8b-a5e7-54fd30ceeba8,apr
2848cc8b-fce6-403e-999e-808353f8f058,apr
b0f8056d-13b9-471f-a28d-74a688338368,apr
01945737-7f29-49ac-8374-18f7fd8dca96,apr
4a64a2fd-bde3-4959-bc74-c8f770f318a0,apr
56bc5b99-699f-4d98-9f1a-81a571d0e85e,apr
173ca5eb-2e4f-4e49-a9f2-71fb55039548,apr
0e9350e5-8e55-49e5-856b-289026891883,apr
f607443e-8eb4-412a-8f7b-b33e06efb201,apr
846f78e9-a3d5-4290-a936-015a565862b3,apr
70d913c0-f57a-445a-ba3c-d9aa88684e8a,apr
e7951596-9d00-463f-be64-2050b952c0c5,apr
705f647c-8191-4da2-9aee-492cb0da7ebb,apr
509919c1-c016-42a7-9eb6-9bd05e2a97b3,apr
29e90b38-7c87-4a95-a375-4e004a425f6e,apr
42dd993c-fca8-42a9-aaf1-04633f4455db,apr
a2b8b012-21e7-4200-b98f-1dc58274a037,apr
95039b76-c434-4c4d-8cd8-c3d4f806bcb8,apr
004462e2-6bf7-492f-a09a-8adff183a367,apr
72248ff0-befc-4e20-bd1f-303c250df61a,apr
31cddd41-f80a-4923-a5f8-195eb742fd42,apr
7e41b357-e703-42f2-8bce-3ee5b3face00,apr
97be4837-bec9-4acf-8dd4-a2b2811d4d4d,apr
98681de0-87cd-4362-8c52-55a54c8bec8a,apr
7c1ccd66-2fcf-4a11-8f7e-933c8874f168,apr
5ac08ee4-113f-48b4-a1ce-a2968b24aa8c,apr
7e2ef98c-ce13-416f-8ee9-8c99d632b215,apr
1d27d92a-a45a-426f-b821-bff7dfae5d82,apr
b94af88e-6eff-45cd-b116-3477f2c53b8d,apr
25d60c2a-9941-4cf7-b4f0-173442069f1c,apr
9c5b8c4f-288c-4315-81e3-e0a10b41af6e,apr
c503a2fb-7600-4be4-8857-70cce723f5d2,apr
46a85979-2f22-4d1e-96a0-256df3d12dfe,apr
143b7d9b-74ed-4c08-9b2d-599300d881d3,apr
8dd97f39-3726-4e05-8751-5516588bce9c,apr
2c6c8a1b-dbc0-4295-b681-4c68f33d2e08,apr
89a0fa2d-bcd9-4cf2-9cc4-87d606e1a7c6,apr
e68c5710-d06b-44d0-9d3c-17cad2da5712,apr
af20862f-cf72-481d-b592-34ab7cec5dd3,apr
37938c59-37e4-4109-b945-f777fefef067,apr
65e13064-d016-4032-a743-3367f4a1400b,apr
72e971e6-0db8-4622-9edc-ef288b3cb304,apr
c7346c20-b4b2-4ccb-b43d-82db60565803,apr
f80738e8-da60-487c-8a27-e4260cfcb9ca,apr
ebb14ac5-ba93-48d4-814f-33052ad17033,apr
160e6ff8-f621-4edd-a276-5a774c59cfa9,apr
2b541186-025a-4632-9ec1-27037c2f35d0,apr
9d9cb859-d0e4-4099-abd6-1ac68f0baa7f,apr
f9b02a70-c498-4b71-8620-9a1fd727b722,apr
6f1ceeff-b996-48ab-9690-2b9ad44eafab,apr
4c40f52b-ac4f-4a61-b389-357065e7af01,apr
61a2e7fe-f0e8-4879-87ce-3277deff9911,apr
59626087-5438-439f-bdbe-2b9bcc25e653,apr
56c23d0d-a2ef-4763-a5cc-0614da81900f,apr
fea8bd01-6316-4d6f-8be1-ec684efc0800,apr
929bb8e9-5336-4e23-ac2f-d036ca8c6bd4,apr
a41483cf-0826-4be3-872c-dab61932f1bf,apr
b595002d-b113-4e75-ae8c-fc28084c9036,apr
4aff5261-0145-4981-b89e-c9d3287e40d9,apr
212bff46-b9b9-4410-ae5a-8ef2a8e69d2e,apr
2e3e5e26-3536-4a64-81b5-03a348392b19,apr
e36037cd-720b-40e1-b7b6-f937ebd3f5c2,apr
843a4697-e6fa-423d-a453-ee8161b78774,apr
f3908dac-a136-405a-a24c-dec37516d5b3,apr
d542321e-6120-42d9-bac3-cb8f2022ccb1,apr
0ffe7624-b164-4602-ae8e-703cbb684894,apr
c779c406-6729-41fc-9cf6-88b36e19f165,apr
04c433f0-cf13-418e-a786-1a16f8e449fb,apr
207eb597-98a7-4f40-b558-98e6feedbf66,apr
cba5fc4e-4af9-4666-aba6-7d1415c208fc,apr
e37ef511-1355-4d5a-8b58-e88a2b56046d,apr
426ee21b-f2cd-450d-ac43-af5581c34bf7,apr
e36eee64-52d5-473a-adae-2e59fa55db82,apr
3aeda1dd-ea57-4a31-936d-a6f7e0daeffb,apr
d282ad40-4c03-4f70-b7c2-a746f3056b9b,apr
e94f652a-52b6-4779-b790-0508734d40c5,apr
bfee6dd4-f318-478e-b06a-892db10a478f,apr
7039ad5d-869e-4018-b0c9-e51ee3897158,apr
f4a0cfa4-5d9f-475e-9976-bd6c6f0467d7,apr
09e84a09-d759-431b-a3c2-8989018c5a5a,apr
47ba0f91-92a8-4888-8336-ca18c33accad,apr
ebe5053e-b133-4458-8416-a7bfa55074fa,apr
65ccf98f-339f-407b-b1de-026694cac783,apr
040e55df-045d-40c3-8744-b40957f1566b,apr
ec427138-8624-4593-a005-b8e8cf90e697,apr
daaba849-844f-488f-ae29-569bf2cacb0d,apr
9f69a416-b0f4-425c-91bb-d7a8084befce,apr
9f79da6e-032f-4ba9-9016-6b1c2c9bd7cd,apr
e72cb863-24a8-4d97-b52c-c664bb108a6b,apr
c588187a-01a6-4e98-bcd4-8eb362c31d5c,apr
e1dad741-a267-404f-8a4b-6ccd416e9502,apr
ebe6ec37-aca0-4329-8afc-fea78390713b,apr
0fb45fa8-b582-4b73-ba9d-317c6f5c8cc5,apr
4551a74d-1183-4d92-a015-5d9656cd67b2,apr
8346faaa-2f08-4e68-831b-bb99225a03d7,apr
86875293-8659-41e2-8d82-d1b444f34970,apr
fb674427-3761-406f-8c5e-cf53de4bf887,apr
8bf03501-bba3-44b5-9cea-494ab128dba9,apr
b29f72f2-ac3f-419d-811e-ea3352ec6786,apr
3ece28f4-d2da-4eb7-b39c-08ad606a8e50,apr
2f68023c-14e4-45a0-9b35-662341ccffab,apr
f71904ff-8885-40eb-a2af-862b3f529077,apr
b3a59baa-86cc-4efd-bfe8-8df610e2d1a7,apr
ff8ef29d-80d4-4c92-8b63-255767301e91,apr
64043dc0-b97a-41e1-91a8-3b928327c9ec,apr
e09a75e1-fe42-4eba-a0c5-ea28753dd848,apr
2e8e5183-1897-4c96-b53d-d5e81c8f3749,apr
8114d734-f5d7-4318-8d0f-eae7be1c9af1,apr
3b1633e3-f3eb-4d71-96ff-b6040d2310b7,apr
7992ad7f-90fc-4bbd-8398-44c0eb417b32,apr
8bbd8e48-e3ac-4f30-90ea-0fcfc37599fb,apr
92d5ba9f-87b9-4062-8509-78006a1048fe,apr
32a84d5f-4fa1-48a3-b209-bb237e340215,apr
a9981175-8798-4099-9f52-f256785d12e2,apr
bf0b5044-db8b-40a2-82f5-5cdbf435243d,apr
3fccf642-43e0-4dc5-8331-5e6db372d6ee,apr
e91dfb9e-b60a-40db-ba54-83290430834c,apr
098615f6-6608-4b8f-9093-2d1226afc748,apr
ce9d651d-6777-4a66-9574-387562fbf6af,apr
9354dd9c-661c-403c-82d7-9fd17860ed22,apr
91f90beb-4e42-45be-974c-a13382703f47,apr
44d7a9aa-591a-45c0-a136-03bde7d602b7,apr
8fb9360e-def6-4d4a-af29-f31cd30c581b,apr
67d0d05c-a3d3-4480-81e1-e201fa4be09d,apr
4d4f58e7-237f-4b7a-813d-35cb004f7f3b,apr
42939106-d396-4c5b-beaa-d5f22444b4cf,apr
a6f57229-984e-444e-8dc6-5a92cd93da27,apr
676afc59-8d30-4da6-844f-22b3a09f16c1,apr
45d2f018-8862-434a-ab88-77ae3d6c7c3c,apr
b88ffbaa-8909-467b-99c6-ba5a750025ed,apr
664af889-e8e2-445a-b87f-2b9f8a689ec1,apr
631e76ee-fb9a-417b-824b-8eac0d749801,apr
d8047902-994d-49f6-b0d8-791ba840d373,apr
6368061a-726e-496e-84c0-714f70f63327,apr
9d888903-bc8f-45c3-a8ae-c334cd083194,apr
f4939b1d-795e-44c0-86e6-e7e3535844e0,apr
6a8b77ad-6e34-423e-af30-e274d7580711,apr
0e5b78c6-08f3-40bc-b7db-efa17f10709e,apr
4b67380c-1ed4-4b12-ab1c-d5e057e02747,apr
db6a45a0-fc21-4223-aeb4-5c06f048e174,apr
66388c75-bd43-4203-999f-cde270e21616,apr
361d173a-0368-4312-afcb-40bc20c68db1,apr
9c029fbb-9af1-435f-a5f8-543ec1160d9e,apr
ab2d658d-9b61-476a-961c-73f2f2b453b1,apr
8e853c63-aedc-4ed9-b230-42502a477fab,apr
aa8144b8-ca20-4c1b-b0a3-3c616170b0c4,apr
cede06a6-ab18-46d6-9a0a-062dad94ed1b,apr
5fd1794f-a9f3-437c-a5d3-43fc45d3028d,apr
2c67600d-33b1-4ee0-aa4a-128c20760a8c,apr
5c396ad5-5141-4fd9-925d-74fada19c850,apr
91752083-51bc-4969-923c-9b8f208be20b,apr
868b0964-76ed-4afd-a77b-9d2a50fbf89f,apr
838b4e53-63e3-4fe7-961e-483811f4df16,apr
6fab522a-7ed9-4f5d-a668-75b91554095e,apr
ed45ecf9-0e6b-469b-9aff-366a9514f375,apr
460908a0-6972-4df5-9394-bd8e60ab463d,apr
5f8eb90a-4357-4e77-8eeb-d3f60e38c5ab,apr
c659b230-78e3-429c-ad70-22688ac18964,apr
d0cbb11f-088c-4485-94dd-f23935afa0b3,apr
7c0344bb-8437-4d00-bffd-dce1c1939bdf,apr
299206c9-64d0-407a-ae9c-140660421bee,apr
cd597ec9-8f42-43f7-84da-d517d5d05039,apr
6188a25b-e0d2-4ae9-94af-9885d3cec64e,apr
5adaa100-178b-4bce-b378-68d673f89602,apr
f6e8efe1-4d29-4606-b449-0c214a79715e,apr
a5d2fd7a-21a1-4cef-a0ca-c2ae9354c1df,apr
d3dadce0-12b1-42ad-a96d-964179da9a0d,apr
e307d7d0-e662-4eb1-9579-8745c0febc1b,apr
1147a920-89a0-498d-b519-32bf6ac107c0,apr
82fe40f9-2138-48a6-a90d-53550d2411ed,apr
b831e3ba-5ca3-46cc-aae6-9f19bc0bbd6e,apr
795be052-255a-4867-bdfb-6b74255c989a,apr
87cc3999-318e-4641-8ae6-1256cf97820b,apr
c1e2e309-fbcf-4564-bf00-3284d00d349c,apr
1a90b2d6-2472-4e0f-9e2a-fcd0f87363ac,apr
3a9673bf-2922-4bab-9892-33ca940abe00,apr
6fb84676-df6c-4d51-b12c-30b40bb23668,apr
49c32857-f38d-4f78-b11c-24f73fdcf26e,apr
6d7a4f76-101d-457d-9e2e-8fd23806522b,apr
0581b151-ea28-445b-ad04-cdc56dae2560,apr
3967dcd1-a0c6-4ede-a384-9ac8c38ac188,apr
da998dc9-d5a7-4c4d-ada0-d245aa200cfc,apr
ba67795f-689b-48da-a277-8736d5303079,apr
a457016d-507c-4b3c-91a6-46cd54cf12da,apr
28871798-bf7a-4af4-9278-0ce43609b778,apr
067b353d-00fd-4a0e-a717-48bda64ab716,apr
d653ba68-e72d-4ad4-95b7-c3491bc3c116,apr
b79b4026-dfb0-4adc-a300-310462bcbeef,apr
ba8621a5-4cde-4137-a7ca-a40b8ef0b363,apr
6fce2fe6-1cff-4344-95e1-6612f3dfbff4,apr
a8fa5c7c-0cba-4518-8b76-3c06164e05af,apr
8bd43d8c-388d-4825-ac50-77dba6511c64,apr
e63c80de-9318-4146-8216-3796fc93c13d,apr
a8c86d16-391b-40f9-88d5-e63a6bc2dc38,apr
f8b36a16-167f-40b5-a80e-b555c6875c04,apr
7b19aec9-a697-4370-a3e6-a15414ec5c68,apr
a2139d47-deeb-4a3e-b947-d4f87929d457,apr
23a529ac-ded9-49e5-bccb-18c8d92b3f53,apr
e9c6276e-8bc8-4ac4-bcac-6953f5aaffa8,apr
ef1fc9ba-9bf2-4091-bd92-d8aea0084fdd,apr
ee4bbecf-7097-4c66-b455-88227e008039,apr
ad9ee9ea-02d2-4d93-b683-2e7290c39932,apr
eb94ebe0-7e20-4912-9ba7-b29422514fb9,apr
6d3297a7-b209-4a9d-9b3e-77a6c53f6ef3,apr
36b61b0c-23b9-4c43-b909-7516a7889e58,apr
2fa6bce6-93fb-4532-ab6a-4d8bb4479567,apr
1fb64796-4358-4fc4-8d4a-3d3d3bc97904,apr
394a7896-afc7-4822-92fc-bfa24442d892,apr
f8eac046-5d80-4c57-bce6-4fbf0e971fa5,apr
4487f1ab-b38d-461f-90bb-219360b83544,apr
62e0862c-6adc-46ec-8a7c-f963f509b769,apr
a472575d-d458-4bc0-bc1d-ca721cb0cc11,apr
1555bbdd-8a34-4e35-a5dd-6c1b287c3d36,apr
a6c1aeba-96e1-480f-9f72-9db8f5844b9a,apr
1db7e6bc-df6c-41c5-b69b-4890c1834e68,apr
1982874a-a0e4-49f8-bbc2-0b271172a18a,apr
665b20fa-2d85-462c-837a-637292dea4cc,apr
d2471440-555c-4b0a-aa35-44e6f850d07b,apr
9e7ef5da-8e31-45b2-9d62-47d815412108,apr
6594ee95-59ee-4882-990a-d6267980a374,apr
362e5904-15eb-4e2e-9a1d-a672f48d0d00,apr
442ad26c-1377-4d79-977f-34943c2f52b1,apr
678ce5d6-49a3-4162-9386-a2e1c6572147,apr
8fe0a705-474a-49e3-a009-a508b44c855d,apr
2bae4351-402d-494d-906f-bc6e2dbc3cd2,apr
dcfdfa77-6d9b-4e72-9f0e-cf40e0e5c4c9,apr
f462950f-afb1-444f-841c-0a164292cdce,apr
cae9fe9a-9a18-450b-890e-280f723dd80f,apr
36022f4f-5324-4303-abe0-0727ea31954b,apr
92f7aa55-9eb3-4ae5-9057-467922e0bb2d,apr
ca81dfaf-6c2e-45c7-b5f8-4c8b5d7d17e5,apr
ccfe807e-a778-426a-8dab-6087762a5c2a,apr
dbfc4acc-c3aa-47ae-a0c5-bd078c29425c,apr
99cc43d6-f90e-43ec-b4e4-a3dc31ef0509,apr
63345218-5b6e-44c9-9d0e-45bfe7aafc16,apr
d8dd87c0-a5f7-431c-bc3a-48748937f06c,apr
8a6cec6e-6597-4169-b99d-da5d96a47ef7,apr
7138f4ac-7e1a-47b8-91e0-dbdd59a5f502,apr
4bdaf2cc-38cf-42ff-9362-59ca4d5469d8,apr
d22913de-a3e5-43ce-9a73-0a9b67e77f52,apr
028ab5f9-febc-45ff-9d18-5939f05e2a0a,apr
d753407e-abe9-48b3-be1b-243802ffb546,apr
a0bf42e9-2d76-4fc1-8feb-97b1d0296f2a,apr
a3190485-6fe9-41e7-a384-c18162c40b0f,apr
824ae152-9a42-4515-84ff-5523ab25b7c9,apr
b9036f53-05cd-41f4-a398-7204506dcb7f,apr
bc3dcfee-6074-4d02-bc40-9119661c2a6d,apr
d76872b2-e42e-4e94-b756-ea561b3aeca5,apr
388dee42-3f66-4909-9b75-1ea0e91681f0,apr
24f43ee1-ee92-4c9a-808a-5d7e69255766,apr
f5176a4a-5e1a-4b60-83c1-f15285605d8d,apr
2989739d-218d-4c61-9391-eed73368fed1,apr
0c1fec91-1cf2-49a5-b4e4-722751bdf19a,apr
e467a505-6fa6-4f73-b69b-0117ac1f9547,apr
f299b015-7689-4084-8f6d-78be81715521,apr
0356ae3d-1758-4719-b6a5-07ffe971b762,apr
6ddcb8b6-bdf5-4fd5-b56c-076a1c69bcfb,apr
e61826a0-8ce1-4d03-b0f4-278af694d178,apr
f12d13bf-6fda-4d64-ba52-6a54d399e6d5,apr
9734ef3c-2e22-4f04-a063-dc69495eaedf,apr
5defbda2-f966-4ca2-bc7f-56c15f50acb5,apr
5b7e9402-d2ac-4bee-9842-593b3360e4f4,apr
acfa8ddb-d4e4-44d7-8138-9da9d680807c,apr
690be4df-5a15-409f-bc7c-7a07fb18c1ae,apr
66db422c-26c2-41bc-9e0a-077ae0b91a18,apr
a71e4ec2-5be4-4ec4-b6b7-a1292212ffc0,apr
1dba24a5-cf0b-4f69-a5b5-23637646c44d,apr
b640e847-bc3c-4d78-9142-86c941e51f52,apr
28114c56-e6bb-4ad1-8170-0855d64aade8,apr
7cb1efdd-943c-405e-a1a4-2b2f2874a3c8,apr
dfa942eb-ed5c-4b92-876b-2dc1540ce2d2,apr
edd86437-e086-4bef-adda-dd4e530f7c74,apr
4a1a2b2c-66df-4552-81ab-27b140ed617b,apr
38ab3ec5-c646-4f0b-8681-d886605a9119,apr
1ad9df48-ecaf-41a8-a3bd-cb0277da2611,apr
26ea4622-21fa-4e48-a00b-81aded83282f,apr
35714926-12bd-412c-9641-4f6882e2bdac,apr
43c8209f-a79a-4d20-8aef-5a73a11854f1,apr
4a126db5-8297-47ca-b3a4-74c94e62e4fa,apr
5936547e-2067-4108-aa10-83ba770fc766,apr
c752b308-cd52-444e-85d4-024797f6e21a,apr
71e87dfc-160d-49e2-8989-243d82c0f398,apr
2c7bf733-59e0-4436-83f1-6001b22828fa,apr
5da634b5-693e-40c6-aaf7-27d9f6d4ddf2,apr
a0b14de6-cd89-4c53-b9c5-a4c978945c71,apr
a1d21671-1f60-4a08-a4c6-200cb233a910,apr
567d4fec-9e29-407a-9a84-92dce57b6ea2,apr